0,0,0,0,0,0,0,0,0,0,0,0,0,0,0,0,0,0
0,0,0,0,0,0,0,0,0,0,0,0,0,0,0,0,0,0
-0.00119095263536311,-0.00238816114629109,-0.00359732760427987,-0.00482362529811886,-0.00607173692076951,-0.00734574569867135,-0.00864881062159315,-0.00998248600601406,-0.0113454644842094,-0.012731838759705,-0.0141329496600955,-0.0155642062416891,-0.017116218532429,-0.018899046813371,-0.0209637843187715,-0.0233333545038649,-0.0260274330646287,-0.0290550683513017
-0.000452830043455995,-0.00088338751720886,-0.0012946311803618,-0.00168890951123353,-0.00206805560688384,-0.0024334211291859,-0.00278584611028779,-0.00312554546289102,-0.0034518815516249,-0.00376309104589424,-0.00405700965435184,-0.00433758920235787,-0.00462503677798576,-0.00493920670577798,-0.00528228500123383,-0.0056484078375092,-0.00603031929645526,-0.00641918773851448
0,0,0,0,0,0,0,0,0,0,0,0,0,0,0,0,0,0
0,0,0,0,0,0,0,0,0,0,0,0,0,0,0,0,0,0
-0.00120321008361692,-0.00240381655180162,-0.00360742408394427,-0.00481906256652534,-0.00604326820190811,-0.00728404276987292,-0.00854464659384012,-0.00982712952553195,-0.0111314520204667,-0.0124543165867622,-0.0137909180946817,-0.0151558905370144,-0.0166215194306012,-0.0182727119424959,-0.0201476787351295,-0.0222633351711905,-0.0246346458047992,-0.027268544943413
0.000239475460405044,0.000489848432472485,0.000752082382343485,0.0010272863061276,0.00131673623589444,0.00162190065849518,0.00194447010282751,0.00228639225737555,0.00264991761365349,0.00303767551121276,0.00345288300784053,0.00390012316472139,0.00438681652084125,0.00492290436773848,0.00551976494869426,0.00619097096881014,0.0069523438930856,0.0078195424445037
-0.00267063986295629,-0.00532025664293698,-0.00796190166546223,-0.010607024987109,-0.0132656867525805,-0.0159464760182683,-0.0186560405211301,-0.0213980131894955,-0.0241710047374627,-0.0269659680357631,-0.0297704156677089,-0.0326169611790273,-0.0356700601543099,-0.0391186330328769,-0.0430394394036325,-0.0474579544877534,-0.0523944508726953,-0.0578526493225185
0.000478950920810088,0.000979696864944969,0.00150416476468697,0.0020545726122552,0.00263347247178888,0.00324380131699036,0.00388894020565503,0.00457278451475109,0.00529983522730698,0.00607535102242553,0.00690576601568105,0.00780024632944278,0.0087736330416825,0.00984580873547696,0.0110395298973885,0.0123819419376203,0.0139046877861712,0.0156390848890074
-0.00121546748774395,-0.00241947190095273,-0.00361752052726138,-0.00481449985135763,-0.00601479958553401,-0.00722234006320485,-0.0084404829410773,-0.00967177360433271,-0.0109174403271683,-0.0121767954128984,-0.0134488877605806,-0.0147475763022751,-0.0161268221096888,-0.0176463793264245,-0.0193315760894653,-0.0211933196905826,-0.0232418635589997,-0.0254820279670034
0.00288941253467772,0.0057938654259491,0.00872596844361153,0.0116973449952418,0.0147187625284776,0.0177999854226848,0.0209492300904491,0.0241719756485381,0.0274687498922623,0.0308321564695914,0.0342510121063508,0.0377620148905918,0.0415457505651794,0.0458182177903343,0.0506833712586083,0.0561940620200285,0.0623991143674527,0.0693266221723131
-0.00282457117006144,-0.00562653048757334,-0.00841908672543027,-0.0112138398327692,-0.0140210143970426,-0.0168494107641702,-0.019705988221721,-0.0225948860910383,-0.025515586567912,-0.0284605468931787,-0.0314194669966926,-0.0344256646068233,-0.0376377219633083,-0.0412358398533825,-0.0452925049580205,-0.0498314783493048,-0.0548715655383445,-0.0604151577515976
0.0030535049221213,0.00612495687870099,0.00922724052935752,0.0123723050273469,0.0155713112634431,0.0188345102943928,0.0221707392492186,0.0255863009519623,0.0290828699855329,0.0326547052433444,0.0362928151006955,0.0400351112781389,0.0440590675523405,0.0485766318783054,0.0536924027486348,0.0594630302952444,0.0659421644385511,0.0731625017046159
-0.00489367173527694,-0.00975744709625102,-0.0146145161610681,-0.0194850133209362,-0.0243862718400829,-0.0293324696466347,-0.0343334305661342,-0.0393920816773682,-0.0444997876602729,-0.0496301047029582,-0.0547470510369397,-0.0599099487478359,-0.0654645797809464,-0.0718124053363403,-0.0791084421563481,-0.0873895240313993,-0.0966751914553741,-0.106947243522088
0.00321759730956487,0.00645604833145288,0.0097285126151035,0.013047265059452,0.0164238599984087,0.0198690351661008,0.0233922484079881,0.0270006262553865,0.0306969900788035,0.0344772540170974,0.0383346180950403,0.0423082076656859,0.0465723845395015,0.0513350459662765,0.0567014342386612,0.0627319985704604,0.0694852145096495,0.0769983812369187
-0.00297850413962936,-0.00593280763997649,-0.00887627672301078,-0.0118206612320481,-0.0147763501990661,-0.0177523552617946,-0.0207559472617788,-0.0237917719188447,-0.0268601829198857,-0.0299551418920912,-0.0330685361354806,-0.0362343875686711,-0.0396054050231137,-0.0433530695397857,-0.0475455948455847,-0.0522050278449857,-0.0573487069569071,-0.0629776938558453
0.00610113698117251,0.0122123180925658,0.0183606032277221,0.0245702060435117,0.0308626650449014,0.0372562921463179,0.0437645707442366,0.050392837443736,0.0571322071700082,0.0639513084877801,0.0708059248713786,0.0777706565785714,0.0852850425298126,0.0938734535937548,0.103763700496099,0.115042165961757,0.127776862703111,0.141984101603118
-0.00503420181222566,-0.0100383548273746,-0.015035808734689,-0.0200468759096233,-0.02508909858199,-0.0301769134473248,-0.0353204835869222,-0.0405232086404776,-0.045777150458317,-0.05105691812917,-0.0563279004239974,-0.061649807821196,-0.0673653813597275,-0.0738723985099621,-0.0813250494400703,-0.0897605425466751,-0.0991986206032844,-0.109620840500369
0.00627236850700498,0.0125572991765598,0.0188820804136396,0.0252711874877755,0.0317464737500845,0.0383266512285985,0.0450257431618316,0.0518498633212216,0.0587913201846208,0.0658206476852759,0.0728963695393829,0.0800945426597161,0.0878494188090611,0.0966770790157005,0.106802522985806,0.118313245937757,0.131279478394829,0.145719760638549
-0.00704251715045733,-0.0140425463536973,-0.0210348380033698,-0.0280491178813348,-0.0351102268656269,-0.0422371646463974,-0.0494405463690504,-0.0567174646391208,-0.064042154143401,-0.0713531505041932,-0.0785664834635081,-0.085769421807614,-0.0935844631935959,-0.102748740602937,-0.113539214320511,-0.126001464272579,-0.140139901241242,-0.155889208458495
0.00644360003283745,0.0129022802605539,0.019403557599557,0.0259721689320393,0.0326302824552676,0.0393970103108792,0.0462869155794267,0.0533068891987072,0.0604504331992333,0.0676899868827717,0.0749868142073873,0.0824184287408609,0.0904137950883097,0.0994807044376461,0.109841345475514,0.121584325913757,0.134782094086547,0.149455419673981
-0.00517472935965324,-0.0103192575021995,-0.0154570937251042,-0.0206087283848647,-0.025791912673117,-0.0310213420481482,-0.0363075188408979,-0.0416543152434645,-0.0470544902640146,-0.0524837058729456,-0.0579087213559938,-0.0633896355773434,-0.0692661487243538,-0.0759323546040033,-0.0835416168251807,-0.092131518383959,-0.101722004329833,-0.112294389354289
0.00927825158270033,0.0185524913960099,0.0278662168776836,0.0372573618754044,0.0467583553288137,0.056394809199267,0.0661821801071425,0.0761190881301989,0.0861752195825114,0.0962747365214853,0.106313414868806,0.116408872212799,0.127370716787475,0.140163422307574,0.155172214011075,0.172497057929904,0.192192319505448,0.21421913004247
-0.00718341479411865,-0.0143221549847202,-0.0214510461541039,-0.0285999092104036,-0.0357936963410986,-0.0430515288007882,-0.0503841423851285,-0.0577887265312602,-0.0652395388307902,-0.0726749501995824,-0.0800104291323901,-0.0873324407014863,-0.0952644815462448,-0.104547559308134,-0.115462252148608,-0.128056113080766,-0.142334098378356,-0.158229842957547
0.00944928331897458,0.0188981755020085,0.0283905428271523,0.0379647324145319,0.0476536622030885,0.0574835593295568,0.0674707090061483,0.0776149323101783,0.0878877864664887,0.0982164862550162,0.108501377126595,0.118863075605457,0.130103544412511,0.143173304316555,0.158450862338716,0.176035363837939,0.195982384904667,0.218255244355766
-0.00870874484757589,-0.0173421003648151,-0.0259465060812587,-0.0345606842696384,-0.0432154258831336,-0.0519315653151957,-0.060715232086282,-0.0695485404236975,-0.0783727195430408,-0.0870641921967756,-0.0954523921531658,-0.103643104215861,-0.112649262412036,-0.123704124912607,-0.137268702741658,-0.15339604025733,-0.172055196247633,-0.193098701169091
0.00962031505524884,0.0192438596080071,0.028914868776621,0.0386721029536593,0.0485489690773632,0.0585723094598466,0.068759237905154,0.0791107764901577,0.0896003533504659,0.100158235988547,0.110689339384383,0.121317278998115,0.132836372037546,0.146183186325536,0.161729510666356,0.179573669745975,0.199772450303885,0.222291358669062
-0.00732431497396292,-0.0146017686487488,-0.0218672617966596,-0.0291507104538155,-0.0364771781191439,-0.0438659076138805,-0.0513277553861048,-0.0588600077063065,-0.0664369450713192,-0.0739967736876041,-0.081454400792554,-0.0888954877299799,-0.0969445301395264,-0.106346410392392,-0.117385324591731,-0.130110798873001,-0.144528335011414,-0.160570519588442
0.0117857330673707,0.023542835469512,0.0353323641962916,0.0472061526937524,0.0592065447913934,0.0713638600990328,0.0836904456265396,0.0961690299207884,0.10873173738249,0.121230909871088,0.133464934675946,0.14559316083463,0.15892624764489,0.175036350040017,0.194518456373736,0.217471007157797,0.243902323191837,0.273673749692722
-0.00884770735997333,-0.0176123674515657,-0.0263402735195748,-0.0350699678454879,-0.0438319971916613,-0.0526468391571789,-0.0615200685170131,-0.0704328857435712,-0.0793249293525338,-0.0880697413763342,-0.0964918253768844,-0.104692021313112,-0.113688119613071,-0.124728441218625,-0.138285431927728,-0.154417767598043,-0.173096690083157,-0.194173295316414
0.0119578040482129,0.0238936505042533,0.0358693425743429,0.0479375673882709,0.0601416859848751,0.0725132882231914,0.0850663985186294,0.097786111714401,0.110608142666981,0.123390615455501,0.135940825713566,0.148425929658993,0.162148018560031,0.178657950119827,0.198538308151338,0.221883886734789,0.248702854905792,0.278859056797111
-0.00944009434529963,-0.0187339305324736,-0.0279367364172431,-0.0370921100780733,-0.0462310578114161,-0.0553681721418892,-0.0644933579914563,-0.0735559172953806,-0.082435621257918,-0.0909000923114204,-0.0986231871880146,-0.10568848715439,-0.113626432588872,-0.12438508676495,-0.138713704807004,-0.156690784882376,-0.178238238156976,-0.203090421033882
0.0121298750290551,0.0242444655389947,0.0364063209523942,0.0486689820827894,0.0610768271783569,0.0736627163473501,0.0864423514107193,0.0994031935080135,0.112484547951473,0.125550321039915,0.138416716751186,0.151258698483355,0.165369789475172,0.182279550199637,0.202558159928941,0.226296766311782,0.253503386619748,0.284044363901501
-0.00898666737106556,-0.0178826296735475,-0.0267340338701336,-0.0355792422543064,-0.0444485574019943,-0.053362100124336,-0.0623248904608044,-0.0713172151453565,-0.0802771220223873,-0.0890752724561525,-0.0975312398909546,-0.105740919530007,-0.114726958114826,-0.125752739087096,-0.139302142812819,-0.155439476547811,-0.174138165171942,-0.195247870121198
0.0130209093000428,0.0259744204987292,0.0389369958816805,0.0519710564769032,0.0651240565859343,0.0784240496475745,0.0918698663646132,0.105412167725394,0.118919280384101,0.132128546373713,0.144679358937087,0.156749791338993,0.170304739835508,0.187750486467131,0.209981654564039,0.237094578139194,0.269023871581353,0.305483293525005
-0.0095666049114089,-0.0189714721339923,-0.0282694051084224,-0.0375032806562981,-0.0467029875552194,-0.0558814459305145,-0.0650260618149649,-0.0740823160702414,-0.0829238794626877,-0.0913081397993139,-0.0988919679125896,-0.105738925581867,-0.113380912565063,-0.123794841897457,-0.137754940673901,-0.155353867281924,-0.176521253727653,-0.200991588305458
0.0131995994976114,0.0263431171226506,0.0395082867154273,0.0527591031234922,0.0661450219807269,0.0796967213429876,0.0934166077215121,0.107260455741475,0.121104354040878,0.134698149794776,0.147701256603846,0.160314601969244,0.174502499233425,0.192644824162726,0.215618100423058,0.243513019597858,0.276264601881862,0.313593550593903
-0.0088097605495852,-0.0173427168225503,-0.025652537967308,-0.0337748449523287,-0.0417246913793281,-0.0494895813358132,-0.0570153102108796,-0.0641791800056781,-0.070741028437316,-0.076267685799992,-0.0801386999313457,-0.0822939975003645,-0.0849029799981602,-0.0909371875592273,-0.101615902982951,-0.117102269237993,-0.137280111269461,-0.161729924429383
0.0133782896951801,0.0267118137465719,0.0400795775491742,0.0535471497700811,0.0671659873755196,0.0809693930384007,0.094963349078411,0.109108743757556,0.123289427697654,0.137267753215839,0.150723154270604,0.163879412599495,0.178700258631343,0.197539161858321,0.221254546282076,0.249931461056522,0.28350533218237,0.321703807662802
-0.00969311775473113,-0.0192090180113025,-0.028602079787698,-0.0379144586356673,-0.0471749257938429,-0.0563947289581605,-0.0655587752272382,-0.074608724320375,-0.0834121464561929,-0.0917161946321357,-0.0991607534752659,-0.105789364917245,-0.113135388121851,-0.123204586405451,-0.136796159282871,-0.154016925616715,-0.174804238392302,-0.198892717797668
0.0123318459115886,0.0245418865514935,0.0367130407465289,0.0489074184965936,0.0611640373020985,0.0734912462479457,0.0858508340888525,0.0981277926686456,0.110075563440392,0.121235100904872,0.130965496442824,0.139371540081853,0.149223548073825,0.164070027209666,0.185265026128433,0.212941020893551,0.246953500215594,0.286825507472502
-0.00901065236351036,-0.0177089252106784,-0.0261460572035199,-0.034354317688539,-0.0423441822075658,-0.0500968881737035,-0.0575495236086458,-0.0645669259008076,-0.070890241545371,-0.0760566669851729,-0.0793984212112066,-0.0807986297794233,-0.0824201276248174,-0.0872974015614362,-0.096710289782678,-0.110862226840706,-0.129667219777721,-0.152725163316819
0.0124709139606805,0.0248401499780799,0.0371938718592092,0.0495982452093929,0.0620974669817355,0.0747066635732213,0.0873967652564844,0.100065599398629,0.112485610042056,0.124227631592021,0.134698501483964,0.144062961826147,0.155112401311939,0.17136158751357,0.194138878992237,0.223573523562282,0.259530993129089,0.301559301285686
-0.00617352700042065,-0.0118513529176992,-0.017064968671175,-0.0218164208750223,-0.0260725490881705,-0.0297521741080784,-0.0327016405883286,-0.0346494327887297,-0.0351228433910729,-0.0333132352208047,-0.0280374865648744,-0.0188061036217454,-0.00848476663592144,-0.00147813445178533,0.000228446522588853,-0.00375203994948995,-0.0133413204508462,-0.0279862029173385
0.0126099820097724,0.0251384134046663,0.0376747029718895,0.0502890719221922,0.0630308966613725,0.075922080898497,0.0889426964241163,0.102003406128612,0.114895656643719,0.12722016227917,0.138431506525104,0.14875438357044,0.161001254550052,0.178653147817474,0.203012731856042,0.234206026231013,0.272108486042583,0.31629309509887
-0.0092115405614118,-0.0180751270071083,-0.0266395675564566,-0.0349337799943235,-0.0429636618850579,-0.0507041840801582,-0.0580837273906478,-0.0649546648165668,-0.0710394519676115,-0.0758456519686621,-0.0786581558159779,-0.0793032889748857,-0.0799373199424597,-0.083657681079269,-0.0918047648827367,-0.104622296763283,-0.12205446531693,-0.143720564288659
0.00951401783617021,0.0187718610804646,0.0278364811617854,0.0367397189110449,0.0454769578769798,0.0539938165998244,0.0621599644114072,0.0697202154773408,0.0762055760887375,0.0807957246207756,0.0823230595017354,0.0805913182359154,0.0793430715883491,0.083768331038665,0.0960012824383246,0.116343251461666,0.144629953316379,0.180193865976778
-0.00554446311792852,-0.0105350739548766,-0.0149980841229158,-0.0189286833911609,-0.0222848917287264,-0.0249741578423828,-0.0268278874693341,-0.0275542240495276,-0.0266511285542613,-0.0232640830367532,-0.0161324406942312,-0.00464454761228566,0.008458656728362,0.0188533364623373,0.0246487020168353,0.0255897885756698,0.0218803331284964,0.0141117749656842
0.0086372063210246,0.0171019736616463,0.0254445051736909,0.0336866776475284,0.0418159906251874,0.0497717972214134,0.0574188394968183,0.0644982280131073,0.0705385795328687,0.0747188829507739,0.0758730146629039,0.0738061377187335,0.0722535659622326,0.0763905953957789,0.0883412046052601,0.108400905096572,0.13640048570003,0.171667826448996
-0.000955389881088302,-0.0012792937491966,-0.000944399042202278,0.000116318990061097,0.00202160266531274,0.00496440634136195,0.009252547731787,0.0153829782510308,0.0241791963810915,0.0370243849353191,0.0560085532330222,0.0825316095916538,0.113337650451011,0.142657727365488,0.168011941196823,0.189274758885265,0.206908615274877,0.221598056927764
0.007760394805879,0.0154320862428281,0.0230525291855965,0.0306336363840118,0.038155023373395,0.0455497778430024,0.0526777145822295,0.0592762405488737,0.0648715829769999,0.0686420412807721,0.0694229698240723,0.0670209572015516,0.0651640603361161,0.0690128597528928,0.0806811267721955,0.100458558731478,0.12817101808368,0.163141786921214
-0.00491538791217328,-0.00921877129879586,-0.0129311623703626,-0.0160408939275049,-0.018497166190768,-0.0201960555715343,-0.0209540286217261,-0.0204588875952911,-0.0181792612250578,-0.0132147499661535,-0.00422718053061938,0.00951726330773133,0.0254023850773158,0.0391851733465961,0.0490693970800763,0.0549321452590245,0.0571026207039433,0.0562105106198865
-0.000113340300096367,-0.00046644027890142,-0.00110042296939345,-0.00209154762836085,-0.0035649851620892,-0.00571942672997392,-0.00887062310279237,-0.013529747221559,-0.0205456249370862,-0.0313351092921358,-0.047962716599927,-0.0714101976015928,-0.0972333641149806,-0.118579613990127,-0.132675317165197,-0.13940965061935,-0.139349073590573,-0.13352579338904
-0.000942458607067874,-0.0012273449116777,-0.000826655115573458,0.000327853483120871,0.0023567851420838,0.00545580983956451,0.00993668720451151,0.0163022091515203,0.0253848112869362,0.0385814531102292,0.0579999871848285,0.085042189994965,0.11639857120443,0.14623625098799,0.172067630058138,0.193795301718455,0.211924811768675,0.227196131458774
-0.000108810023481232,-0.000448421490429039,-0.00106029171069497,-0.00202133015483575,-0.00345783997429833,-0.00557042258297515,-0.00867803688027178,-0.0132972832501189,-0.0202862571530271,-0.0310773633689135,-0.0477568508694528,-0.0713121197444304,-0.0972409757951189,-0.118613086483194,-0.132627606974253,-0.139172861920938,-0.138815470080507,-0.132583864671285
0.00469895846434115,0.0101091439351327,0.0163156452632199,0.0234512537055217,0.0317140251777172,0.0413981409952669,0.0529482247262114,0.0670574650146012,0.0848485373302794,0.108181927580826,0.139864574265798,0.181884613432535,0.230287567335989,0.277832021334395,0.321472929747235,0.361219379681996,0.397835615578785,0.432277463371166
-0.000104279746866098,-0.000430402701956657,-0.00102016045199648,-0.00195111268131065,-0.00335069478650747,-0.00542141843597638,-0.00848545065775118,-0.0130648192786788,-0.020026889368968,-0.0308196174456912,-0.0475509851389786,-0.0712140418872679,-0.0972485874752571,-0.118646558976262,-0.132579896783309,-0.138936073222525,-0.138281866570441,-0.13164193595353
-0.00896399987618879,-0.0170737342832144,-0.0243429207770661,-0.0307369566413406,-0.0361609905316936,-0.0404367423899856,-0.0432607741421434,-0.0441300764073374,-0.0422100213694966,-0.0361282131082967,-0.0239313322479108,-0.00475520561716624,0.0171602849443242,0.0354406561836222,0.0475917658340942,0.0535840320709269,0.053947909694854,0.0494902933499333
-0.0098646266884983,-0.0202118547092273,-0.031223163730214,-0.0431509632078712,-0.0563548350375305,-0.0713638442215886,-0.0889872352783077,-0.110518745655134,-0.13812242608192,-0.175504908666801,-0.228401714361056,-0.300871322740071,-0.384401911390746,-0.463547415476819,-0.531779016997861,-0.588987516395246,-0.636594122043898,-0.676383933918486
-0.00549011999332554,-0.0103163437047592,-0.014500759389219,-0.0180313147627311,-0.0208552562322608,-0.0228651367632627,-0.0238727914567434,-0.0235621641252989,-0.0214045361993475,-0.0165237027871032,-0.00765690766621891,0.00579747287619399,0.0211739486586908,0.0343430471360811,0.0436101090193975,0.0488879262039709,0.050511267537591,0.0491053840039564
-0.00888748011178965,-0.0181351335925345,-0.0278942582684149,-0.0383747539808222,-0.049874176517559,-0.0628273369314482,-0.077893484811928,-0.0961152274213631,-0.119214590654059,-0.150099532685226,-0.19319109726525,-0.251429624681701,-0.317799352254438,-0.380040643296085,-0.433057965851019,-0.476799780715445,-0.512423067391971,-0.541458535391757
-0.000929527333047446,-0.00117539607415879,-0.000708911188944638,0.000539387976180646,0.00269196761885487,0.00594721333776707,0.010620826677236,0.0172214400520099,0.0265904261927809,0.0401385212851392,0.0599914211366348,0.0875527703982763,0.119459491957849,0.149814774610492,0.176123318919454,0.198315844551644,0.216941008262472,0.232794205989785
-0.00791033353508099,-0.0160584124758417,-0.0245653528066158,-0.0335985447537733,-0.0433935179975875,-0.0542908296413077,-0.0667997343455483,-0.0817117091875922,-0.100306755226199,-0.124694156703651,-0.157980480169445,-0.201987926623331,-0.25119679311813,-0.296533871115351,-0.334336914704178,-0.364612045035645,-0.388252012740044,-0.406533136865027
-0.00927352742593606,-0.0175123606112072,-0.0247136356929417,-0.0308155522026034,-0.0356810930078517,-0.0390671776508691,-0.0405691805741555,-0.0395210668932407,-0.0348154249573546,-0.0246149547561013,-0.00625669354266894,0.0215890161453945,0.0535348755826777,0.0812455764238118,0.101479994073713,0.114316459544772,0.120614435358088,0.121582273418819
-0.0125590372545727,-0.0254790124247603,-0.0389322434041765,-0.0531472233078293,-0.0684376559197421,-0.0852516141444344,-0.104257898309607,-0.126504114303156,-0.153713636044728,-0.188802379589294,-0.236256338338954,-0.299292897612471,-0.371451939149589,-0.440866161434127,-0.502520631599142,-0.556394230883853,-0.603701929473065,-0.646005023448927
-0.0087292645029272,-0.016571612661897,-0.0235415814079906,-0.029605171451127,-0.0346681117802498,-0.0385529327964121,-0.0409575812550976,-0.0413814608128606,-0.0389938927446999,-0.032428052137528,-0.0197346865754854,-3.65907239635585e-05,0.0224746160255523,0.0414741724689823,0.0544955179509756,0.0615369759035139,0.0631709403911229,0.060264012872589
-0.0126806330151668,-0.0257069634938921,-0.0392532550529006,-0.053549785515831,-0.0689120105474196,-0.0857898686585192,-0.104854321583558,-0.127155667731237,-0.154420794016603,-0.189570127509001,-0.237093937570625,-0.300206098118052,-0.372425484620566,-0.44186421847737,-0.503502172166171,-0.557318106752449,-0.604525726766563,-0.646683586034994
-0.0060648417293831,-0.0114138963545772,-0.0160703281555551,-0.0200216997706689,-0.0232133038284723,-0.0255341699119139,-0.02679150175445,-0.0266653847967761,-0.0246297531191522,-0.0198325960473787,-0.0110865730672239,0.00207774940034878,0.0169455883513124,0.0295010080831406,0.0381509192251176,0.0428438159439899,0.0439200330146464,0.0420003852792824
-0.0128022287757608,-0.025934914563024,-0.0395742667016246,-0.0539523477238326,-0.0693863651750972,-0.0863281231726041,-0.105450744857509,-0.127807221159319,-0.155127951988478,-0.190337875428708,-0.237931536802296,-0.301119298623634,-0.373399030091542,-0.442862275520613,-0.5044837127332,-0.558241982621044,-0.605349524060061,-0.647362148621061
-0.00846799871092921,-0.0157847335378844,-0.0219236106987799,-0.0267904998888423,-0.0302034782564095,-0.0318552262087631,-0.0312456929402327,-0.0275606218624572,-0.019451259373492,-0.00467689853227327,0.0200333766671399,0.0563994196004661,0.0980301426004938,0.134884397466392,0.163061376489022,0.182712469920381,0.194949158600197,0.201275880321187
-0.0131805636947876,-0.0266336683478041,-0.0405007139124872,-0.0549650492734457,-0.070273949519959,-0.0867757410689997,-0.104985064075422,-0.125702686846371,-0.150241857109737,-0.180826980030258,-0.220908913943173,-0.273088834455646,-0.332735652843183,-0.390970827204715,-0.443937377099154,-0.491544503257413,-0.534664667455857,-0.57446456912613
-0.00913173083043873,-0.0172135059548642,-0.0242423639651528,-0.0301563544730577,-0.0348183592007708,-0.0379854142768676,-0.0392535276382901,-0.0379583610955601,-0.0329962616387413,-0.0225373936272385,-0.00393102747038093,0.0241437682909561,0.0563173138153845,0.0842874262714541,0.10483239400688,0.118041456515243,0.124784734769745,0.126282321313403
-0.0133489935487518,-0.0269611739821782,-0.0409787554878016,-0.0555858685238005,-0.0710306101106209,-0.0876622732877248,-0.105996775581227,-0.126836756138537,-0.151498417554594,-0.18221095081524,-0.222431991045451,-0.274766005440034,-0.334569302713536,-0.392944655328076,-0.446027891315884,-0.49372761420893,-0.536916618015552,-0.576761693450187
-0.00849452490438666,-0.0160694820023,-0.0227402276146622,-0.0284733658885762,-0.0331752061567198,-0.0366690892939267,-0.0386543469101653,-0.0386327957428083,-0.0357777062290091,-0.0287278245631957,-0.0155379653626826,0.00468210910515655,0.0277890427656964,0.0475077973587217,0.0613993943366378,0.0694900628905214,0.0723941371036046,0.0710379263241353
-0.0135174234027161,-0.0272886796165523,-0.041456797063116,-0.0562066877741553,-0.0717872707012829,-0.0885488055064498,-0.107008487087032,-0.127970825430702,-0.15275497799945,-0.183594921600222,-0.223955068147729,-0.276443176424422,-0.33640295258389,-0.394918483451437,-0.448118405532614,-0.495910725160448,-0.539168568575247,-0.579058817774244
-0.00674762234165291,-0.012268175394361,-0.0165124477637261,-0.0193567244221556,-0.0205789949359376,-0.0198153484406276,-0.0164820683969829,-0.00963473650519906,0.00228871658556708,0.021889613335055,0.0529940300711331,0.097716303064424,0.148840784921196,0.194820602547655,0.231127242797181,0.257932530538276,0.276534516294931,0.288668890378009
-0.011886140662135,-0.0239588692478346,-0.0363244936609941,-0.049119188260739,-0.0625248414768026,-0.0767958173534801,-0.0923060813454099,-0.109636026622294,-0.129737518225118,-0.154228448226756,-0.185645603559587,-0.226007654653133,-0.272194743424957,-0.317888696971685,-0.360241356091374,-0.399095477676647,-0.435002379615097,-0.468748729165218
-0.00832151623624656,-0.0154843918645637,-0.0214622143266901,-0.0261611044915863,-0.0293995123732168,-0.0308706946503022,-0.0300755134243148,-0.0262011823987531,-0.0179013329582338,-0.00293902233477405,0.021951751887909,0.0584893635896523,0.100292592124489,0.137332553959565,0.165712952320633,0.185586765365325,0.198067101976578,0.204659741518708
-0.0120522160635227,-0.0242856638235963,-0.0368072809491145,-0.0497538938236985,-0.063308106565558,-0.0777251229547639,-0.0933799676392399,-0.110854470893378,-0.131102575982076,-0.155745250433055,-0.187323164339232,-0.227855774595001,-0.274213806229643,-0.320067740843957,-0.362566617473155,-0.401554504494728,-0.437584425580514,-0.47144446817851
-0.00898993678725969,-0.016914656677862,-0.0237711007201871,-0.0294971686089762,-0.0339556409227742,-0.036903670374451,-0.0379378983839881,-0.0363956834263589,-0.0311771310648058,-0.0204598698941768,-0.00160540325974733,0.026698474451347,0.0590997019646038,0.0873292213662372,0.108184733597332,0.121766386436306,0.128954959116614,0.130982284607801
-0.0122182914649105,-0.0246124583993579,-0.0372900682372348,-0.0503885993866579,-0.0640913716543133,-0.0786544285560478,-0.0944538539330699,-0.112072915164462,-0.132467633739033,-0.157262052639354,-0.189000725118878,-0.229703894536868,-0.276232869034328,-0.322246784716229,-0.364891878854935,-0.404013531312809,-0.440166471545931,-0.474140207191802
-0.00456778103933855,-0.00786177526509553,-0.00981232989709567,-0.010269424204017,-0.00897577825085586,-0.0055179905136232,0.000760657557193424,0.0109182695533772,0.026704029464111,0.0510384196527596,0.0882489932220387,0.140844166410578,0.200960982068311,0.255755856407798,0.300115993864763,0.334190480631199,0.359408818385154,0.377687149134742
-0.00933245831847592,-0.0187786153668933,-0.0284110953829543,-0.0383222065719172,-0.0486345462863147,-0.059518911775244,-0.0712259059039664,-0.084144395704271,-0.0989133732095161,-0.116624485568901,-0.139011205566765,-0.167537229899012,-0.200300145617542,-0.233158021029859,-0.264158902461417,-0.29311765599234,-0.320327002938468,-0.34625346869833
-0.00660448348691505,-0.0119796341911333,-0.0160762486772808,-0.0187706611312727,-0.0198409643247984,-0.0189234233232856,-0.0154345963454226,-0.00843046980870739,0.00365047519849872,0.0234089624212326,0.0546709882331983,0.0995526765138878,0.150840873670797,0.196987493361406,0.233461921735324,0.26043617602614,0.279209965681897,0.291520751372571
-0.00950021522936367,-0.019111193966339,-0.0289059096779429,-0.0389770474186296,-0.0494476328319567,-0.0604889780133513,-0.0723523427362586,-0.0854274840842032,-0.100354663391438,-0.118227349705487,-0.140781141072823,-0.16947956229972,-0.202413842194734,-0.23543559230784,-0.266592024206511,-0.295699298418737,-0.323051332761853,-0.349115459681858
-0.00817503112485299,-0.0151840447850389,-0.0210008096493826,-0.0255316977650997,-0.0285955320184935,-0.029886145370096,-0.0289053128449549,-0.0248417184648938,-0.0163513786440211,-0.00120111485519046,0.0238701616397774,0.0605793451982064,0.102555082372982,0.139780754519996,0.168364575881087,0.188461112548104,0.2011851014765,0.20804366362634
-0.00966797214025142,-0.0194437725657848,-0.0294007239729315,-0.0396318882653421,-0.0502607193775987,-0.0614590442514586,-0.0734787795685508,-0.0867105724641353,-0.10179595357336,-0.119830213842073,-0.142551076578881,-0.171421894700427,-0.204527538771927,-0.23771316358582,-0.269025145951605,-0.298280940845134,-0.325775662585237,-0.351977450665386
-0.00235372063431232,-0.00340167126337139,-0.00305677046715566,-0.00114667054848327,0.00261577411002694,0.0086858497264855,0.0177821266239374,0.0310593215955774,0.0504265425514772,0.0790799653894199,0.121790916355451,0.181456866883388,0.249749403244627,0.312751941599007,0.364819974552991,0.406037923111789,0.437909538895017,0.462478016651318
-0.00612173353477251,-0.0122999046162476,-0.0185777778981581,-0.0250098938388744,-0.0316682567731793,-0.0386527832219971,-0.0461097746307934,-0.0542662186928994,-0.0634958807636156,-0.0744408095633338,-0.0881347527965516,-0.10550699295363,-0.125582200858333,-0.146021808726599,-0.165668942635197,-0.184363317832469,-0.202218847691291,-0.219459258108763
-0.0044269502456919,-0.00757965944996002,-0.00938831385429461,-0.00970270811514948,-0.00826533260950522,-0.00466247354967638,0.00176305357400219,0.0120701165960458,0.0280092727172923,0.0525036503909696,0.0898857327304215,0.142669535778349,0.202987728943558,0.257981331233936,0.302527862448836,0.336775152208524,0.362155265700022,0.380588015611087
-0.00629065619835574,-0.0126356413053851,-0.0190784204803808,-0.0256737443822133,-0.0324938485010161,-0.0396389164883618,-0.0472555742461657,-0.0555712214481234,-0.0649601579728536,-0.076065078323905,-0.0899201409841191,-0.107453418324943,-0.127686223303447,-0.148278754402035,-0.168075655050125,-0.186917992619597,-0.204920172875618,-0.222305779956546
-0.00646134720865597,-0.0116910981816057,-0.0156400574423562,-0.0181846083894447,-0.0191029469981039,-0.0180315142604673,-0.0143871431482085,-0.00722622478884284,0.00501220929997141,0.0249282841593454,0.0563479162102581,0.101389016908894,0.152840926419089,0.199154345171434,0.235796558649582,0.262939776448745,0.28188536691116,0.294372561034046
-0.00645957886193897,-0.0129713779945227,-0.0195790630626035,-0.0263375949255523,-0.0333194402288529,-0.0406250497547264,-0.0484013738615379,-0.0568762242033474,-0.0664244351820915,-0.0776893470844762,-0.0917055291716865,-0.109399843696256,-0.129790245748562,-0.150535700077471,-0.170482367465052,-0.189472667406724,-0.207621498059945,-0.22515230180433
-0.000568800713621105,0.000201025656079715,0.0024101419492624,0.00624838728491117,0.0120264228316392,0.0202326721270168,0.0316348874244878,0.04746508580374,0.0697614685080617,0.101946097747113,0.149165803614036,0.214692067018786,0.289924050020708,0.360125972323623,0.419192586356932,0.467105918317169,0.505384469203922,0.536140023982031
-0.00288830066868216,-0.0057915020291395,-0.00872860293909977,-0.0117232419333306,-0.0148063107740423,-0.018020360439688,-0.0214273971019287,-0.0251233992812403,-0.0292664495138504,-0.0341291441313675,-0.0401556841002152,-0.0477686235726093,-0.0566204401888559,-0.0657770295827434,-0.0747594356678766,-0.0834836860573231,-0.0919709919477319,-0.100288621820588
-0.00219801514420843,-0.00308825971128363,-0.00258335420270809,-0.000510547083228758,0.00341787472603984,0.00965802731178783,0.0189297516881305,0.0323898161823812,0.051950836270213,0.0808152437147191,0.123764822056778,0.183706527919924,0.252299082588136,0.315594136929322,0.367928859087931,0.409384539327178,0.441468277202377,0.466229025349598
-0.00304972225312588,-0.00611187830040352,-0.00920564518703319,-0.0123548164788762,-0.0155904157688142,-0.0189550980425577,-0.0225109321999371,-0.0263538851658283,-0.0306418727385617,-0.035646969739866,-0.0418120907798443,-0.0495577701502606,-0.0585367770824471,-0.0678195147561741,-0.0769309918681316,-0.0857886336056789,-0.0944134032542846,-0.102871392566466
-0.0042861169170656,-0.00729753855668904,-0.00896429017912846,-0.0091359818252903,-0.00755487418000516,-0.0038069411862702,0.0027654676341197,0.0132219843721684,0.029314539465087,0.0539689075035967,0.09152250170041,0.144494938003097,0.205014512300614,0.260206846119022,0.304939774446978,0.339359870310402,0.364901762451436,0.383488934303551
-0.0032111438375696,-0.00643225457166754,-0.00968268743496662,-0.0129863910244219,-0.0163745207635861,-0.0198898356454275,-0.0235944672979456,-0.0275843710504164,-0.032017295963273,-0.0371647953483646,-0.0434684974594734,-0.051346916727912,-0.0604531139760384,-0.0698619999296048,-0.0791025480683866,-0.0880935811540347,-0.0968558145608374,-0.105454163312345
0.000664472960581113,0.00269295095983341,0.00619542308079598,0.0113737038473976,0.0185545234090974,0.0282489327150332,0.0412582964141308,0.0588676309511788,0.0832042705579232,0.117848498276429,0.168219180453586,0.23789524048123,0.318188181609109,0.393871784400036,0.45852679681317,0.51203264498171,0.555874426656495,0.592170401513144
0,0,0,0,0,0,0,0,0,0,0,0,0,0,0,0,0,0
-0.000547704734836273,0.00025214659452465,0.00250045271511777,0.0063874925693334,0.0122246659958134,0.0205016029586087,0.0319880493032846,0.0479194462015519,0.0703402303098593,0.102684561365502,0.150122807627822,0.215960145244552,0.291600146423926,0.362258040600312,0.421780171865123,0.470124657727829,0.508802853438004,0.53992956806788
-0.000229410757223059,-0.000449480215733589,-0.000660822343682138,-0.000863945754136768,-0.00105924439350301,-0.00124696924865891,-0.00142716203089598,-0.00159950480121746,-0.00176296713074531,-0.00191494704948544,-0.00204941828745265,-0.00215614402244269,-0.00223159955899755,-0.00228975811262022,-0.00234684757775271,-0.00241152276759489,-0.00248650222876915,-0.00257083670279473
-0.00204231245678095,-0.00277485380055867,-0.00210994645968511,0.000125564931894981,0.00421996090435715,0.0106301873980336,0.0200773560952377,0.0337202868204739,0.0534751025518813,0.0825504908052583,0.125738692228087,0.185956148462886,0.254848716037784,0.318436281100531,0.371037687663396,0.412731095303958,0.44502695145296,0.469979966530263
-0.000458821514446119,-0.000898960431467177,-0.00132164468736428,-0.00172789150827354,-0.00211848878700602,-0.00249393849731781,-0.00285432406179195,-0.00319900960243493,-0.00352593426149063,-0.00382989409897087,-0.0040988365749053,-0.00431228804488538,-0.0044631991179951,-0.00457951622524043,-0.00469369515550543,-0.00482304553518978,-0.0049730044575383,-0.00514167340558945
0.000664472960581113,0.00269295095983341,0.00619542308079598,0.0113737038473976,0.0185545234090974,0.0282489327150332,0.0412582964141308,0.0588676309511788,0.0832042705579232,0.117848498276429,0.168219180453586,0.23789524048123,0.318188181609109,0.393871784400036,0.45852679681317,0.51203264498171,0.555874426656495,0.592170401513144
0,0,0,0,0,0,0,0,0,0,0,0,0,0,0,0,0,0
-0.000526608376320025,0.000303268453155678,0.00259076510658318,0.00652660035767579,0.0124229127284001,0.0207705386310039,0.0323412175390589,0.0483738147779327,0.0709190025294735,0.103423038276369,0.151079828867853,0.217228246295953,0.293276272997182,0.364390147254614,0.42436780395032,0.473143451476342,0.512221299203617,0.543719180366204
0.000478834385270001,0.000988459265575444,0.00153512664427006,0.0021272410999155,0.00277649483690674,0.00349983928690447,0.00432309780383178,0.00528800020451623,0.00646673375439939,0.00799259808064294,0.0101116613879732,0.0131617760279308,0.0172347218074608,0.0220383652428038,0.0273138996549054,0.0329267106237374,0.0387826485543914,0.0448240286292618
